{
    "ecuacion": "y = 0.4711 + 1.0029\u00b7x",
    "coeficientes": {
        "a": 0.4710759787468284,
        "b": 1.0029122647462416
    },
    "rmse": 0.49949527451751646,
    "mae": 0.4043753362725835,
    "r2": 0.9976384770082299
}