{
    "ecuacion": "y = 0.2167 + 1.0149\u00b7x",
    "coeficientes": {
        "a": 0.2166593744552081,
        "b": 1.0149181235454734
    },
    "rmse": 0.4979138921568128,
    "mae": 0.401028704258417,
    "r2": 0.9992063156221576
}