{
    "ecuacion": "y = -0.4728 + 1.0049\u00b7x",
    "coeficientes": {
        "a": -0.47277860567780294,
        "b": 1.0049363245021647
    },
    "rmse": 0.4809048051279853,
    "mae": 0.3870835687128353,
    "r2": 0.9999015904941463
}