{
    "ecuacion": "y = -0.9447 + 1.0256\u00b7x",
    "coeficientes": {
        "a": -0.9447057507027239,
        "b": 1.0256237414804383
    },
    "rmse": 0.49080729246942995,
    "mae": 0.3950519496169293,
    "r2": 0.9998974959955776
}