{
    "ecuacion": "y = 0.9494 + 1.0200\u00b7x",
    "coeficientes": {
        "a": 0.9493761750791698,
        "b": 1.0200346360559849
    },
    "rmse": 0.5080422930454055,
    "mae": 0.411302140481067,
    "r2": 0.9975569680571748
}