{
    "ecuacion": "y = 0.4393 + 1.0810\u00b7x",
    "coeficientes": {
        "a": 0.439268849350686,
        "b": 1.0809991348901578
    },
    "rmse": 0.5304551344334881,
    "mae": 0.42724002104365083,
    "r2": 0.9990991828208571
}